{"__type__":"cc.AnimationClip","_name":"showRecommendView","_duration":0.11666666666666667,"wrapMode":"1","curveData":{"props":{"x":[{"frame":0,"value":-638},{"frame":0.08333333333333333,"value":-62},{"frame":0.11666666666666667,"value":-82}]}}}